Username,Password,ID,type
nemp,a665a45920422f9d417e4867efdc4fb8a04a1f3fff1fa07e998e86f7f7a27ae3,1,P
nemh,a665a45920422f9d417e4867efdc4fb8a04a1f3fff1fa07e998e86f7f7a27ae3,1,H
hej,96cae35ce8a9b0244178bf28e4966c2ce1b8385723a96a6b838858cdd6ca0a1e
topias,96cae35ce8a9b0244178bf28e4966c2ce1b8385723a96a6b838858cdd6ca0a1e
test,203c10631bb0a4d89e1e6c51cd81de5fd196a0f33f6ad1dac71e55c630bdfda1
asfa,9b5b0e5c3bfa4e235f0c2e31c61291021a978280641369240239020ab19ef9d5
afas,f73850b25084cf9f1278f55617c397e345e1a2aafabdd3d5f028fac683434b44
dfgsdf,b58e9a0e0054c839107df460867ceb2837ebba4fd9b2fb0bcc710c135ec72034
asdfsd,a39fbdfa097c15481c5b0475e474787de39fd518b212f4620a2a8a2ee805a43e
asfasfsdgs,99fd6e617057ee224c7d8d781cb7db8ee9c6116037d5f76910a0bf721a343d15
agfads,3c34a8c3c3a84566ef9c859e46e25d51d79605e7c26b0931c03560a6511ce1a3
hejsa,96cae35ce8a9b0244178bf28e4966c2ce1b8385723a96a6b838858cdd6ca0a1e
